task_id,source,image_id,upload_url,ai_path,ai_path_en,has_human_ref,human_ref_path,agreement_type,ann_A_action,ann_A_path,ann_A_path_en,ann_A_uncertain,ann_A_uncertain_reason,ann_B_action,ann_B_path,ann_B_path_en,ann_B_uncertain,ann_B_uncertain_reason,ann_C_action,ann_C_path,ann_C_path_en,ann_C_uncertain,ann_C_uncertain_reason,ann_D_action,ann_D_path,ann_D_path_en,ann_D_uncertain,ann_D_uncertain_reason,ann_E_action,ann_E_path,ann_E_path_en,ann_E_uncertain,ann_E_uncertain_reason,rev1_id,rev1_path,rev1_path_en,rev1_source,rev1_note,rev2_id,rev2_path,rev2_path_en,rev2_source,rev2_note
T0056,780,LS Taxonomy- Images-1-19/images/image_0056.png,http://cdo-browser.s3.ap-southeast-1.amazonaws.com/cdoBrowser/9D5EBBA483414B24B6C077A8F69C44A6EC7D424979CC9C513D1E04971F8133A1/a4f4cab9-fbb2-4300-a4a9-c6c37217db76/image_0056.png,,,true,旅游/人文风光/建筑,REVIEW_SUBLEVEL,OVERRIDE,旅游/人文风光/城市,Travel/Cultural Scenery/City,false,,OVERRIDE,旅游/人文风光/建筑,Travel/Cultural Scenery/Architecture,false,,,,,,,OVERRIDE,旅游/热门目的地/亚洲,Travel/Popular Destinations/Asia,false,,,,,,,Sandy(R2),旅游/热门目的地/亚洲,Travel/Popular Destinations/Asia,PICK_ANN_D,"to be more exact, in level 4 should have 'Malaysia'",Upasna(R1),旅游/人文风光/建筑,Travel/Cultural Scenery/Architecture,PICK_HUMAN,
T0085,780,LS Taxonomy- Images-1-19/images/image_0085.png,http://cdo-browser.s3.ap-southeast-1.amazonaws.com/cdoBrowser/9D5EBBA483414B24B6C077A8F69C44A6EC7D424979CC9C513D1E04971F8133A1/e53ad16a-672e-4939-957d-521b8384e161/image_0072.png,,,true,,REVIEW_SUBLEVEL,OVERRIDE,旅游/人文风光/城市,Travel/Cultural Scenery/City,false,,,,,,,OVERRIDE,旅游/航拍风光,Travel/Aerial Scenery,false,,OVERRIDE,旅游/热门目的地,Travel/Popular Destinations,false,,,,,,,Sandy(R2),旅游/热门目的地/亚洲,Travel/Popular Destinations/Asia,NEW_PATH,"to be more exact, in level 4 should have [UAE]",Upasna(R1),旅游/航拍风光,Travel/Aerial Scenery,PICK_ANN_C,
T0137,780,LS Taxonomy- Images-1-19/images/image_0137.png,http://cdo-browser.s3.ap-southeast-1.amazonaws.com/cdoBrowser/9D5EBBA483414B24B6C077A8F69C44A6EC7D424979CC9C513D1E04971F8133A1/9d5a90aa-493c-4660-9a6b-8ca843ef8074/image_0137.png,,,true,,REVIEW_SUBLEVEL,,,,,,OVERRIDE,旅游/自然风光/草原,Travel/Natural Scenery/Grassland,false,,OVERRIDE,旅游/航拍风光,Travel/Aerial Scenery,false,,,,,,,OVERRIDE,旅游/自然风光/丘陵,Travel/Natural Scenery/Hills,false,,Sandy(R2),旅游/自然风光/丘陵,Travel/Natural Scenery/Hills,PICK_ANN_E,,Upasna(R1),旅游/自然风光/草原,Travel/Natural Scenery/Grassland,PICK_ANN_B,
T0145,780,LS Taxonomy- Images-1-19/images/image_0145.png,http://cdo-browser.s3.ap-southeast-1.amazonaws.com/cdoBrowser/9D5EBBA483414B24B6C077A8F69C44A6EC7D424979CC9C513D1E04971F8133A1/497eea56-cc36-4591-a8cd-b61c3a5afec0/image_0065.png,绘画/插画,Painting/Illustration,true,影视/剧集/英美剧/科幻电视剧,REVIEW_L1,,,,,,,,,,,ACCEPT,绘画/插画,Painting/Illustration,false,,OVERRIDE,影视/剧集/英美剧/悬疑电视剧,Film & TV/TV Series/British and American Dramas/Suspense TV Series,false,,OVERRIDE,影视/剧集/英美剧/科幻电视剧,Film & TV/TV Series/British and American Dramas/Science Fiction TV Series,false,,Sandy(R2),绘画/插画,Painting/Illustration,PICK_ANN_C,,Upasna(R1),影视/剧集/英美剧/科幻电视剧,Film & TV/TV Series/British and American Dramas/Science Fiction TV Series,PICK_HUMAN,
T0199,780,LS Taxonomy- Images-1-19/images/image_0199.png,http://cdo-browser.s3.ap-southeast-1.amazonaws.com/cdoBrowser/9D5EBBA483414B24B6C077A8F69C44A6EC7D424979CC9C513D1E04971F8133A1/0c548375-4dc2-43f2-97c6-b2869029176e/image_0013.png,,,true,,REVIEW_SUBLEVEL,OVERRIDE,旅游/人文风光/博物馆,Travel/Cultural Scenery/Museum,false,,OVERRIDE,旅游/人文风光/城市,Travel/Cultural Scenery/City,false,,,,,,,OVERRIDE,旅游/人文风光/建筑,Travel/Cultural Scenery/Architecture,false,,,,,,,Sandy(R2),旅游/人文风光/建筑,Travel/Cultural Scenery/Architecture,PICK_ANN_D,,Upasna(R1),旅游/人文风光/城市,Travel/Cultural Scenery/City,PICK_ANN_B,
T0273,780,LS Taxonomy- Images-1-19/images/image_0273.png,http://cdo-browser.s3.ap-southeast-1.amazonaws.com/cdoBrowser/9D5EBBA483414B24B6C077A8F69C44A6EC7D424979CC9C513D1E04971F8133A1/9789b940-aec4-4c25-84fe-882c5c628e2f/image_0273.png,,,true,,REVIEW_UNCERTAIN,,,,,,OVERRIDE,静物/文具/笔,Still Life/Stationery/Pen,false,,,,,,,UNCERTAIN,绘画/素描,Painting/Sketch,true,"Not sure if this image is in painting category. Since painting category should include the image of art painting (have visual appeal) not the tools.Meanwhile in art category, also not having tools in 2nd or 3rd category. Based on these consideration, closest category is Painting and sketch. But furthermore these image is not classifed as a painting in painting and sketch category,  because the visual is just ordinary (not meet painting visual standard)  in my opinion",OVERRIDE,静物/文具,Still Life/Stationery,false,,Sandy(R2),静物/文具,Still Life/Stationery,PICK_ANN_E,"to be more exact, in Level 3 can add new 'Pencil'",Upasna(R1),静物/文具/笔,Still Life/Stationery/Pen,PICK_ANN_B,
T0373,780,LS Taxonomy- Images-1-19/images/image_0373.png,http://cdo-browser.s3.ap-southeast-1.amazonaws.com/cdoBrowser/9D5EBBA483414B24B6C077A8F69C44A6EC7D424979CC9C513D1E04971F8133A1/3f3ede95-a0c6-42ca-a912-99ec3600afa3/image_0239.png,,,true,,REVIEW_SUBLEVEL,,,,,,OVERRIDE,植卉/花卉/雏菊,Flora/Flowers/Daisy,false,,,,,,,OVERRIDE,植卉/花卉,Flora/Flowers,false,,OVERRIDE,植卉/花卉/菊花,Flora/Flowers/Chrysanthemum,false,,Sandy(R2),植卉/花卉/藏红花,Flora/Flowers/Saffron,NEW_PATH,,Upasna(R1),植卉/花卉,Flora/Flowers,PICK_ANN_D,
T0492,780,LS Taxonomy- Images-1-19/images/image_0492.png,http://cdo-browser.s3.ap-southeast-1.amazonaws.com/cdoBrowser/9D5EBBA483414B24B6C077A8F69C44A6EC7D424979CC9C513D1E04971F8133A1/65b42e7e-626d-4181-a7f5-be378b8bb1e4/image_0492.png,,,true,旅游/人文风光/城市,REVIEW_SUBLEVEL,OVERRIDE,旅游/人文风光/城市,Travel/Cultural Scenery/City,false,,,,,,,OVERRIDE,旅游/航拍风光,Travel/Aerial Scenery,false,,,,,,,OVERRIDE,旅游/热门目的地/亚洲,Travel/Popular Destinations/Asia,false,,Sandy(R2),旅游/热门目的地/亚洲,Travel/Popular Destinations/Asia,PICK_ANN_E,"to be more exact, in level 4 can add  'UAE'",Upasna(R1),旅游/人文风光/城市,Travel/Cultural Scenery/City,PICK_HUMAN,
T0568,780,LS Taxonomy- Images-1-19/images/image_0568.png,http://cdo-browser.s3.ap-southeast-1.amazonaws.com/cdoBrowser/9D5EBBA483414B24B6C077A8F69C44A6EC7D424979CC9C513D1E04971F8133A1/0dc23254-26e1-4a3e-9fbe-55fde15c7e42/image_0568.png,,,true,,REVIEW_UNCERTAIN,UNCERTAIN,人物,People,true,There is no matchstick in the tree,UNCERTAIN,动物,Animal,true,It should comes under macro photography,UNCERTAIN,,,true,it should be micro photography,,,,,,,,,,,Sandy(R2),,,FLAGGED,Still life/Daily Necessities/Match,Upasna(R1),,,FLAGGED,Photography - Macro photography
T0590,780,LS Taxonomy- Images-1-19/images/image_0590.png,http://cdo-browser.s3.ap-southeast-1.amazonaws.com/cdoBrowser/9D5EBBA483414B24B6C077A8F69C44A6EC7D424979CC9C513D1E04971F8133A1/55e7f5d4-e8ed-4fce-b02c-23f30ec1f7e4/image_0590.png,,,true,,REVIEW_SUBLEVEL,OVERRIDE,旅游/人文风光/建筑,Travel/Cultural Scenery/Architecture,false,,OVERRIDE,旅游/人文风光/宫殿,Travel/Cultural Scenery/Palace,false,,,,,,,OVERRIDE,旅游/人文风光/村落,Travel/Cultural Scenery/Village,false,,,,,,,Sandy(R2),旅游/人文风光/宫殿,Travel/Cultural Scenery/Palace,PICK_ANN_B,,Upasna(R1),旅游/人文风光/村落,Travel/Cultural Scenery/Village,PICK_ANN_D,
T0630,780,LS Taxonomy- Images-1-19/images/image_0630.png,http://cdo-browser.s3.ap-southeast-1.amazonaws.com/cdoBrowser/9D5EBBA483414B24B6C077A8F69C44A6EC7D424979CC9C513D1E04971F8133A1/ab8cf328-1070-43ac-9c05-029eabc5998c/image_0630.png,影视/电影/欧美电影/奇幻电影/指环王系列电影,Film & TV/Films/European and American Movies/Fantasy Movie/Lord of the Rings Movie Series,true,影视/剧集/英美剧/奇幻电视剧,REVIEW_SUBLEVEL,MODIFY,影视/剧集/英美剧/奇幻电视剧,Film & TV/TV Series/British and American Dramas/Fantasy TV Series,false,,,,,,,ACCEPT,影视/电影/欧美电影/奇幻电影/指环王系列电影,Film & TV/Films/European and American Movies/Fantasy Movie/Lord of the Rings Movie Series,false,,MODIFY,影视/电影/欧美电影/奇幻电影,Film & TV/Films/European and American Movies/Fantasy Movie,false,,,,,,,Sandy(R2),影视/电影/欧美电影/奇幻电影,Film & TV/Films/European and American Movies/Fantasy Movie,PICK_ANN_D,"to be more exact, in level 5 can add 'Game of Thrones'",Upasna(R1),影视/剧集/英美剧/奇幻电视剧,Film & TV/TV Series/British and American Dramas/Fantasy TV Series,PICK_HUMAN,
T0726,780,LS Taxonomy- Images-1-19/images/image_0726.png,http://cdo-browser.s3.ap-southeast-1.amazonaws.com/cdoBrowser/9D5EBBA483414B24B6C077A8F69C44A6EC7D424979CC9C513D1E04971F8133A1/3ef07789-5220-4c43-8874-983305ddcff3/image_0366.png,,,true,,REVIEW_SUBLEVEL,OVERRIDE,旅游/自然风光/山,Travel/Natural Scenery/Mountain,false,,,,,,,OVERRIDE,旅游/自然风光/瀑布,Travel/Natural Scenery/Waterfall,false,,,,,,,OVERRIDE,旅游/自然风光/丘陵,Travel/Natural Scenery/Hills,false,,Sandy(R2),旅游/自然风光/瀑布,Travel/Natural Scenery/Waterfall,PICK_ANN_C,,Upasna(R1),旅游/自然风光/丘陵,Travel/Natural Scenery/Hills,PICK_ANN_E,
T0796,1000,1126020200085,https://theme-magazine-gl-01.heytapimg.com/magzineimgf-nearme-com-cn/openplat/lockscreen/self-image/wallpaper/202602/02/1e0df0504eb4063fb52aab27cb43b4a7.png,植卉/绿植/树木,Flora/Green Plants/Trees,false,,REVIEW_UNCERTAIN,,,,,,ACCEPT,植卉/绿植/树木,Flora/Green Plants/Trees,false,,ACCEPT,植卉/绿植/树木,Flora/Green Plants/Trees,false,,,,,,,UNCERTAIN,植卉/绿植/树木,Flora/Green Plants/Trees,true,"The KV is the gift itself, not the tree. But there's no category for this",Sandy(R2),,,FLAGGED,Still Life/Ornaments/Gift; L3 add new 'Gift',Upasna(R1),,,FLAGGED,Still life - Gifting
T0886,1000,1126013000558,https://theme-magazine-gl-01.heytapimg.com/magzineimgf-nearme-com-cn/openplat/lockscreen/self-image/wallpaper/202602/02/ca5c10dfd4078f7278de6e8143d53add.png,影视/纪录片/自然纪录片,Film & TV/Documentary/Nature Documentaries,false,,REVIEW_L1,ACCEPT,影视/纪录片/自然纪录片,Film & TV/Documentary/Nature Documentaries,false,,OVERRIDE,动物/鸟类/蜂鸟,Animal/Birds/Hummingbird,false,,,,,,,OVERRIDE,动物/鸟类,Animal/Birds,false,,,,,,,Sandy(R2),动物/鸟类/蜂鸟,Animal/Birds/Hummingbird,PICK_ANN_B,,Upasna(R1),动物/鸟类,Animal/Birds,PICK_ANN_D,
T0890,1000,1126013000546,https://theme-magazine-gl-01.heytapimg.com/magzineimgf-nearme-com-cn/openplat/lockscreen/self-image/wallpaper/202602/02/6a18ed7ce7cee612d511584479553f59.png,,,false,,REVIEW_SUBLEVEL,,,,,,OVERRIDE,美食/甜点小吃/蛋糕,Food/Dessert Snacks/Cake,false,,OVERRIDE,美食/甜点小吃/和果子,Food/Dessert Snacks/Japanese Confectionery,false,,OVERRIDE,美食/甜点小吃,Food/Dessert Snacks,false,,,,,,,Sandy(R2),美食/甜点小吃/巧克力,Food/Dessert Snacks/Chocolate,NEW_PATH,,Upasna(R1),美食/甜点小吃,Food/Dessert Snacks,PICK_ANN_D,
T0922,1000,84043,https://theme-magazine-gl-01.heytapimg.com/magzineimgf-nearme-com-cn/openplat/lockscreen/self-image/wallpaper/202602/02/77fe683433f075afbb9612a304f22623.png,,,false,,REVIEW_L1,OVERRIDE,旅游/人文风光/缆车,Travel/Cultural Scenery/Cable Car,false,,,,,,,OVERRIDE,座驾/巴士,Vehicles/Bus,false,,,,,,,OVERRIDE,旅游/人文风光/有轨电车,Travel/Cultural Scenery/Tram,false,,Sandy(R2),旅游/人文风光/有轨电车,Travel/Cultural Scenery/Tram,PICK_ANN_E,,Upasna(R1),旅游/人文风光/缆车,Travel/Cultural Scenery/Cable Car,PICK_ANN_A,
T0942,1000,84198,https://theme-magazine-gl-01.heytapimg.com/magzineimgf-nearme-com-cn/openplat/lockscreen/self-image/wallpaper/202602/02/cfdcf8ee5d4a0157cb97550de06815ed.png,,,false,,REVIEW_UNCERTAIN,,,,,,UNCERTAIN,美食/甜点小吃,Food/Dessert Snacks,true,Sugar is not in category,UNCERTAIN,,,true,should be sugar under food,OVERRIDE,美食/甜点小吃,Food/Dessert Snacks,false,,,,,,,Sandy(R2),,,FLAGGED,add new taxo in L2 &L3: Food/Raw materials/Sugar,Upasna(R1),美食/甜点小吃,Food/Dessert Snacks,PICK_ANN_D,
T0986,1000,84003,https://theme-magazine-gl-01.heytapimg.com/magzineimgf-nearme-com-cn/openplat/lockscreen/self-image/wallpaper/202602/02/dd708d3ddd0b8af7e43ad3c3bf718842.png,植卉/花卉/郁金香,Flora/Flowers/Tulip,false,,REVIEW_L1,OVERRIDE,美食/饮品/奶茶,Food/Drinks/Milk Tea,false,,,,,,,ACCEPT,植卉/花卉/郁金香,Flora/Flowers/Tulip,false,,,,,,,OVERRIDE,美食/料理/粥,Food/Cuisine/Porridge,false,,Sandy(R2),美食/饮品/果蔬汁,Food/Drinks/Fruit and Vegetable Juice,NEW_PATH,,Upasna(R1),美食/饮品/奶茶,Food/Drinks/Milk Tea,PICK_ANN_A,
T1005,1000,260202190198,https://theme-magazine-gl-01.heytapimg.com/magzineimgf-nearme-com-cn/openplat/lockscreen/self-image/wallpaper/202602/02/543138cc48778cfff9f663837c9f2761.png,,,false,,REVIEW_UNCERTAIN,UNCERTAIN,植卉/绿植,Flora/Green Plants,true,No Anemone present in the flower tree,,,,,,,,,,,OVERRIDE,植卉/花卉,Flora/Flowers,false,,OVERRIDE,植卉/花卉/虞美人,Flora/Flowers/Poppy,false,,Sandy(R2),植卉/花卉/虞美人,Flora/Flowers/Poppy,PICK_ANN_E,,Upasna(R1),植卉/花卉,Flora/Flowers,PICK_ANN_D,
T1009,1000,260202190194,https://theme-magazine-gl-01.heytapimg.com/magzineimgf-nearme-com-cn/openplat/lockscreen/self-image/wallpaper/202602/02/00d3743172403700b6a830611dd15d0b.jpg,旅游/自然风光/天空,Travel/Natural Scenery/Sky,false,,REVIEW_UNCERTAIN,UNCERTAIN,植卉/花卉,Flora/Flowers,true,No Cosmos flower in the tree,,,,,,,,,,,ACCEPT,旅游/自然风光/天空,Travel/Natural Scenery/Sky,false,,OVERRIDE,植卉/花卉/雏菊,Flora/Flowers/Daisy,false,,Sandy(R2),植卉/花卉/雏菊,Flora/Flowers/Daisy,PICK_ANN_E,,Upasna(R1),植卉/花卉,Flora/Flowers,PICK_ANN_A,
T1089,1000,260131130097,https://theme-magazine-gl-01.heytapimg.com/magzineimgf-nearme-com-cn/openplat/lockscreen/self-image/wallpaper/202602/01/01c7f30aace7462f18308450ea2f9460.jpg,,,false,,REVIEW_UNCERTAIN,UNCERTAIN,旅游/自然风光,Travel/Natural Scenery,true,Not able to place this image anywhere,OVERRIDE,旅游/人文风光/建筑,Travel/Cultural Scenery/Architecture,false,,,,,,,,,,,,OVERRIDE,艺术/展览/装置艺术,Art/Exhibition/Installation Art,false,,Sandy(R2),旅游/人文风光/人造设施,Travel/Cultural Scenery/Man-made Facilities,NEW_PATH,,Upasna(R1),旅游/人文风光/建筑,Travel/Cultural Scenery/Architecture,PICK_ANN_B,
T1090,1000,260131130096,https://theme-magazine-gl-01.heytapimg.com/magzineimgf-nearme-com-cn/openplat/lockscreen/self-image/wallpaper/202602/01/82ceae95b8575d65861b06af6f67f017.jpg,,,false,,REVIEW_L1,OVERRIDE,植卉/绿植/树木,Flora/Green Plants/Trees,false,,,,,,,OVERRIDE,旅游/自然风光/日落,Travel/Natural Scenery/Sunset,false,,OVERRIDE,旅游/自然风光/雪林,Travel/Natural Scenery/Snow Forest,false,,,,,,,Sandy(R2),植卉/绿植/树木,Flora/Green Plants/Trees,PICK_ANN_A,,Upasna(R1),旅游/自然风光/日落,Travel/Natural Scenery/Sunset,PICK_ANN_C,
T1096,1000,260131130088,https://theme-magazine-gl-01.heytapimg.com/magzineimgf-nearme-com-cn/openplat/lockscreen/self-image/wallpaper/202602/01/f92584f4b9ee1dae4c48e8a90c0c0cbd.jpg,,,false,,REVIEW_SUBLEVEL,OVERRIDE,旅游/人文风光/纪念碑,Travel/Cultural Scenery/Monument,false,,,,,,,,,,,,OVERRIDE,旅游/自然风光/高原,Travel/Natural Scenery/Plateau,false,,OVERRIDE,旅游/热门目的地/亚洲,Travel/Popular Destinations/Asia,false,,Sandy(R2),旅游/自然风光/高原,Travel/Natural Scenery/Plateau,PICK_ANN_D,,Upasna(R1),旅游/人文风光/纪念碑,Travel/Cultural Scenery/Monument,PICK_ANN_A,
T1107,1000,260131130074,https://theme-magazine-gl-01.heytapimg.com/magzineimgf-nearme-com-cn/openplat/lockscreen/self-image/wallpaper/202602/01/5f7d0eb94ef1836bf9459c0dc5be503b.jpg,,,false,,REVIEW_L1,,,,,,,,,,,OVERRIDE,动物/啮齿动物/松鼠,Animal/Rodents/Squirrel,false,,OVERRIDE,动物/啮齿动物/老鼠,Animal/Rodents/Mouse,false,,OVERRIDE,萌宠/仓鼠,Cute Pet/Hamster,false,,Sandy(R2),萌宠/仓鼠,Cute Pet/Hamster,PICK_ANN_E,,Upasna(R1),动物/啮齿动物/松鼠,Animal/Rodents/Squirrel,PICK_ANN_C,
T1127,1000,260131130051,https://theme-magazine-gl-01.heytapimg.com/magzineimgf-nearme-com-cn/openplat/lockscreen/self-image/wallpaper/202602/01/e05ae1066704d0eef9a4c120032e09b4.jpg,旅游/自然风光/雪花,Travel/Natural Scenery/Snowflake,false,,REVIEW_SUBLEVEL,,,,,,ACCEPT,旅游/自然风光/雪花,Travel/Natural Scenery/Snowflake,false,,MODIFY,旅游/航拍风光,Travel/Aerial Scenery,false,,,,,,,MODIFY,旅游/自然风光/雪地,Travel/Natural Scenery/Snow,false,,Sandy(R2),旅游/自然风光/雪地,Travel/Natural Scenery/Snow,PICK_ANN_E,,Upasna(R1),旅游/自然风光/雪花,Travel/Natural Scenery/Snowflake,PICK_ANN_B,
T1148,1000,260131130028,https://theme-magazine-gl-01.heytapimg.com/magzineimgf-nearme-com-cn/openplat/lockscreen/self-image/wallpaper/202602/01/012ab90ce17021cda2e5e383acc4d719.jpg,,,false,,REVIEW_UNCERTAIN,OVERRIDE,旅游/人文风光/盐田,Travel/Cultural Scenery/Salt Field,false,,,,,,,UNCERTAIN,旅游/热门目的地,Travel/Popular Destinations,true,the place is in Abu dhabi,,,,,,OVERRIDE,艺术/展览/装置艺术,Art/Exhibition/Installation Art,false,,Sandy(R2),旅游/人文风光/人造设施,Travel/Cultural Scenery/Man-made Facilities,NEW_PATH,,Upasna(R1),艺术/展览/装置艺术,Art/Exhibition/Installation Art,PICK_ANN_E,
T1222,1000,1126013000138,https://theme-magazine-gl-01.heytapimg.com/magzineimgf-nearme-com-cn/openplat/lockscreen/self-image/wallpaper/202601/30/2bdafa9618d139ca6a8d1666a9e34d49.png,,,false,,REVIEW_UNCERTAIN,UNCERTAIN,艺术,Art,true,Could not find a suitable tag for this image,,,,,,OVERRIDE,艺术/雕塑,Art/Sculpture,false,,,,,,,OVERRIDE,静物/摆件,Still Life/Ornaments,false,,Sandy(R2),静物/摆件,Still Life/Ornaments,PICK_ANN_E,,Upasna(R1),,,FLAGGED,Photography
T1233,1000,1126013000123,https://theme-magazine-gl-01.heytapimg.com/magzineimgf-nearme-com-cn/openplat/lockscreen/self-image/wallpaper/202601/30/cb85f44243dff2d87155cb0744c05cff.png,静物/箱包/箱子,Still Life/Luggage/Box,false,,REVIEW_L1,ACCEPT,静物/箱包/箱子,Still Life/Luggage/Box,false,,,,,,,OVERRIDE,艺术/雕塑,Art/Sculpture,false,,,,,,,OVERRIDE,艺术/展览/装置艺术,Art/Exhibition/Installation Art,false,,Sandy(R2),艺术/雕塑,Art/Sculpture,PICK_ANN_C,,Upasna(R1),艺术/展览/装置艺术,Art/Exhibition/Installation Art,PICK_ANN_E,
T1268,1000,1126013000068,https://theme-magazine-gl-01.heytapimg.com/magzineimgf-nearme-com-cn/openplat/lockscreen/self-image/wallpaper/202601/30/783be20a766ec445e215a5c7994988cc.png,,,false,,REVIEW_UNCERTAIN,UNCERTAIN,植卉/花卉,Flora/Flowers,true,This wild carrot (Daucus carota) flow is not there in the tree,OVERRIDE,植卉/花艺/插花,Flora/Floral Arrangement/Flower Arrangement,false,,OVERRIDE,植卉/花艺/插花,Flora/Floral Arrangement/Flower Arrangement,false,,,,,,,,,,,,Sandy(R2),植卉/花艺/插花,Flora/Floral Arrangement/Flower Arrangement,PICK_ANN_C,,Upasna(R1),植卉/花卉,Flora/Flowers,PICK_ANN_A,
T1284,1000,1126013000044,https://theme-magazine-gl-01.heytapimg.com/magzineimgf-nearme-com-cn/openplat/lockscreen/self-image/wallpaper/202601/30/4cbf4bff01a47b6caea3d4ef2fa0168f.png,,,false,,REVIEW_UNCERTAIN,UNCERTAIN,美食/蔬菜/秋葵,Food/Vegetable/Okra,true,This vegetable is not present in the tree,,,,,,OVERRIDE,艺术/展览/艺术展,Art/Exhibition/Art Exhibition,false,,,,,,,OVERRIDE,美食/蔬菜/青菜,Food/Vegetable/Green Vegetables,false,,Sandy(R2),美食/蔬菜/甘蓝,Food/Vegetable/Cabbage,NEW_PATH,red cabbage,Upasna(R1),,,FLAGGED,Photography
T1288,1000,1126013000039,https://theme-magazine-gl-01.heytapimg.com/magzineimgf-nearme-com-cn/openplat/lockscreen/self-image/wallpaper/202601/30/d7f80941f857e7db9351840d04712c9c.png,,,false,,REVIEW_L1,OVERRIDE,艺术/雕塑,Art/Sculpture,false,,,,,,,OVERRIDE,美食/蔬菜/洋葱,Food/Vegetable/Onion,false,,,,,,,OVERRIDE,美食/蔬菜,Food/Vegetable,false,,Sandy(R2),美食/蔬菜/洋葱,Food/Vegetable/Onion,PICK_ANN_C,,Upasna(R1),,,FLAGGED,Photography
T1311,1000,1126012900736,https://theme-magazine-gl-01.heytapimg.com/magzineimgf-nearme-com-cn/openplat/lockscreen/self-image/wallpaper/202601/30/a90922ec379abcfd72e13b00e7e8bfbe.png,,,false,,REVIEW_UNCERTAIN,,,,,,UNCERTAIN,家居/浴室,Home/Bathroom,true,we don't have Soap category,OVERRIDE,家居/浴室,Home/Bathroom,false,,OVERRIDE,静物/生活用品,Still Life/Daily Necessities,false,,,,,,,Sandy(R2),静物/生活用品,Still Life/Daily Necessities,PICK_ANN_D,"to be more exact, add new taxo in L3: Soap",Upasna(R1),,,FLAGGED,Photography
T1480,1000,1126012900199,https://theme-magazine-gl-01.heytapimg.com/magzineimgf-nearme-com-cn/openplat/lockscreen/self-image/wallpaper/202601/30/b55bff3fdd6be25ed3905757b7a086cd.png,,,false,,REVIEW_UNCERTAIN,UNCERTAIN,家居/家具,Home/Furniture,true,No picture frame in the tree,,,,,,OVERRIDE,艺术/雕塑,Art/Sculpture,false,,OVERRIDE,家居/家具,Home/Furniture,false,,,,,,,Sandy(R2),静物/摆件,Still Life/Ornaments,NEW_PATH,,Upasna(R1),,,FLAGGED,Photography
T1511,1000,260130100083,https://theme-magazine-gl-01.heytapimg.com/magzineimgf-nearme-com-cn/openplat/lockscreen/self-image/wallpaper/202601/30/9c832b3f64188c8efd74396d8b48437b.png,美食/料理/创意料理,Food/Cuisine/Creative Cuisine,false,,REVIEW_L1,OVERRIDE,静物/生活用品/花瓶,Still Life/Daily Necessities/Vase,false,,ACCEPT,美食/料理/创意料理,Food/Cuisine/Creative Cuisine,false,,,,,,,,,,,,OVERRIDE,艺术/展览/装置艺术,Art/Exhibition/Installation Art,false,,Sandy(R2),艺术/展览/装置艺术,Art/Exhibition/Installation Art,PICK_ANN_E,,Upasna(R1),,,FLAGGED,Photography
T1540,1000,260130100050,https://theme-magazine-gl-01.heytapimg.com/magzineimgf-nearme-com-cn/openplat/lockscreen/self-image/wallpaper/202601/30/ca04a40603851fc0d9a13c7f3a1b931c.png,影视/纪录片/自然纪录片,Film & TV/Documentary/Nature Documentaries,false,,REVIEW_UNCERTAIN,ACCEPT,影视/纪录片/自然纪录片,Film & TV/Documentary/Nature Documentaries,false,,UNCERTAIN,动物/鸟类,Animal/Birds,true,this bird is not in category,,,,,,,,,,,OVERRIDE,动物/鸟类/海鸥,Animal/Birds/Seagull,false,,Sandy(R2),动物/鸟类/海鸥,Animal/Birds/Seagull,PICK_ANN_E,,Upasna(R1),动物/鸟类,Animal/Birds,PICK_ANN_B,
T1572,1000,260130100018,https://theme-magazine-gl-01.heytapimg.com/magzineimgf-nearme-com-cn/openplat/lockscreen/self-image/wallpaper/202601/30/b7aab83441184ce69bf61eacca0d721a.jpg,影视/纪录片/自然纪录片,Film & TV/Documentary/Nature Documentaries,false,,REVIEW_UNCERTAIN,,,,,,UNCERTAIN,动物,Animal,true,Seagull is not  in bird category,ACCEPT,影视/纪录片/自然纪录片,Film & TV/Documentary/Nature Documentaries,false,,,,,,,OVERRIDE,动物/鸟类/海鸥,Animal/Birds/Seagull,false,,Sandy(R2),动物/鸟类,Animal/Birds,NEW_PATH,"to be more exat, add taxo in L3: Animal/Birds/Pelican",Upasna(R1),动物/鸟类/海鸥,Animal/Birds/Seagull,PICK_ANN_E,
T1582,1000,260130100008,https://theme-magazine-gl-01.heytapimg.com/magzineimgf-nearme-com-cn/openplat/lockscreen/self-image/wallpaper/202601/30/400d1ea898c4bc25e34ae7af802da553.jpg,影视/纪录片/自然纪录片,Film & TV/Documentary/Nature Documentaries,false,,REVIEW_L1,ACCEPT,影视/纪录片/自然纪录片,Film & TV/Documentary/Nature Documentaries,false,,,,,,,,,,,,OVERRIDE,动物/鸟类/鹦鹉,Animal/Birds/Parrot,false,,OVERRIDE,动物/鸟类/海鸥,Animal/Birds/Seagull,false,,Sandy(R2),影视/纪录片/自然纪录片,Film & TV/Documentary/Nature Documentaries,PICK_ANN_A,,Upasna(R1),动物/鸟类/海鸥,Animal/Birds/Seagull,PICK_ANN_E,
T1594,1000,83832,https://theme-magazine-gl-01.heytapimg.com/magzineimgf-nearme-com-cn/openplat/lockscreen/self-image/wallpaper/202601/30/4a52545fa3ee6e81c09bd53a534a60d8.png,静物/摆件/篮子,Still Life/Ornaments/Basket,false,,REVIEW_UNCERTAIN,,,,,,ACCEPT,静物/摆件/篮子,Still Life/Ornaments/Basket,false,,UNCERTAIN,美食,Food,true,should be egg under food,,,,,,OVERRIDE,美食,Food,false,,Sandy(R2),美食,Food,PICK_ANN_C,"need to be more exact, add new taxo L2 L3: Food/Raw materials/Egg",Upasna(R1),,,FLAGGED,photography
T1655,1000,676516,https://theme-magazine-gl-01.heytapimg.com/magzineimgf-nearme-com-cn/openplat/lockscreen/self-image/wallpaper/202601/30/b92d41079b3e0d69f28f4aa388cd7555.jpg,,,false,,REVIEW_UNCERTAIN,UNCERTAIN,动物/鸟类,Animal/Birds,true,White Pelicans is not present in our tree,,,,,,,,,,,OVERRIDE,动物/鸟类,Animal/Birds,false,,OVERRIDE,动物/鸟类/火烈鸟,Animal/Birds/Flamingo,false,,Sandy(R2),动物/鸟类,Animal/Birds,PICK_ANN_A,"need to be more exact, add new in L3: Animal/Birds/Pelican",Upasna(R1),动物/鸟类/火烈鸟,Animal/Birds/Flamingo,PICK_ANN_E,
T1663,1000,676528,https://theme-magazine-gl-01.heytapimg.com/magzineimgf-nearme-com-cn/openplat/lockscreen/self-image/wallpaper/202601/30/003032962502a575858aaa860e540004.jpg,,,false,,REVIEW_SUBLEVEL,,,,,,OVERRIDE,旅游/自然风光/湖泊,Travel/Natural Scenery/Lake,false,,OVERRIDE,旅游/自然风光/雪山,Travel/Natural Scenery/Snow Mountain,false,,,,,,,OVERRIDE,旅游/热门目的地/欧洲,Travel/Popular Destinations/Europe,false,,Sandy(R2),旅游/自然风光/雪山,Travel/Natural Scenery/Snow Mountain,PICK_ANN_C,,Upasna(R1),旅游/热门目的地/欧洲,Travel/Popular Destinations/Europe,PICK_ANN_E,
T1703,1000,83624,https://theme-magazine-gl-01.heytapimg.com/magzineimgf-nearme-com-cn/openplat/lockscreen/self-image/wallpaper/202601/30/69d0f6b67f2ac9633098e3d773b8603f.png,,,false,,REVIEW_UNCERTAIN,UNCERTAIN,美食/料理,Food/Cuisine,true,Egg is not there under food tree,,,,,,UNCERTAIN,,,true,should be egg under food,,,,,,UNCERTAIN,美食,Food,true,Suggest to add 'Food Ingredients' category on L2,Sandy(R2),美食,Food,PICK_ANN_E,"need to be more exact, add new taxo L2 L3: Food/Raw materials/Egg",Upasna(R1),,,FLAGGED,Photography
T1738,1000,1126012800399,https://theme-magazine-gl-01.heytapimg.com/magzineimgf-nearme-com-cn/openplat/lockscreen/self-image/wallpaper/202601/29/2516145ba9584b5585996da92282304b.png,,,false,,REVIEW_UNCERTAIN,UNCERTAIN,静物,Still Life,true,Not sure where to put the festival of mexico image,UNCERTAIN,二次元,ACG,true,Art & Culture -> Carnival,OVERRIDE,绘画/素描,Painting/Sketch,false,,,,,,,,,,,,Sandy(R2),,,FLAGGED,this should be a 'Clown' ? but there ain't no items can represent this in the taxo tree,Upasna(R1),,,FLAGGED,Photography
T1774,1000,1126012900416,https://theme-magazine-gl-01.heytapimg.com/magzineimgf-nearme-com-cn/openplat/lockscreen/self-image/wallpaper/202601/29/25761f98a2b2dfbad73e3219afa492db.png,,,false,,REVIEW_UNCERTAIN,UNCERTAIN,动物/鸟类,Animal/Birds,true,There is no Great Cormorant bird under animal tree,UNCERTAIN,动物/鸟类,Animal/Birds,true,This bird named as  Great Cormorant is not in our list,,,,,,,,,,,OVERRIDE,动物/鸟类/大雁,Animal/Birds/Wild Geese,false,,Sandy(R2),动物/鸟类/海鸥,Animal/Birds/Seagull,NEW_PATH,,Upasna(R1),动物/鸟类,Animal/Birds,PICK_ANN_A,
