task_id,source,upload_url,image_id,ai_path,ai_path_en,has_human_ref,human_ref_path,ann_A_action,ann_A_path,ann_A_path_en,ann_A_uncertain,ann_A_uncertain_reason,ann_B_action,ann_B_path,ann_B_path_en,ann_B_uncertain,ann_B_uncertain_reason,ann_C_action,ann_C_path,ann_C_path_en,ann_C_uncertain,ann_C_uncertain_reason,ann_D_action,ann_D_path,ann_D_path_en,ann_D_uncertain,ann_D_uncertain_reason,ann_E_action,ann_E_path,ann_E_path_en,ann_E_uncertain,ann_E_uncertain_reason,agreement_type,majority_path,decision,confidence
T0010,780,http://cdo-browser.s3.ap-southeast-1.amazonaws.com/cdoBrowser/9D5EBBA483414B24B6C077A8F69C44A6EC7D424979CC9C513D1E04971F8133A1/ec3d4c96-9ee3-438d-8dc3-92c9b6e0d7be/image_0010.png,LS Taxonomy- Images-1-19/images/image_0010.png,,,true,旅游/人文风光/夜景,OVERRIDE,旅游/人文风光/城市,Travel/Cultural Scenery/City,false,,,,,,,OVERRIDE,旅游/航拍风光,Travel/Aerial Scenery,false,,OVERRIDE,旅游/人文风光/夜景,Travel/Cultural Scenery/Night View,false,,,,,,,REVIEW_SUBLEVEL,,NEEDS_REVIEW,0.0
T0056,780,http://cdo-browser.s3.ap-southeast-1.amazonaws.com/cdoBrowser/9D5EBBA483414B24B6C077A8F69C44A6EC7D424979CC9C513D1E04971F8133A1/a4f4cab9-fbb2-4300-a4a9-c6c37217db76/image_0056.png,LS Taxonomy- Images-1-19/images/image_0056.png,,,true,旅游/人文风光/建筑,OVERRIDE,旅游/人文风光/城市,Travel/Cultural Scenery/City,false,,OVERRIDE,旅游/人文风光/建筑,Travel/Cultural Scenery/Architecture,false,,,,,,,OVERRIDE,旅游/热门目的地/亚洲,Travel/Popular Destinations/Asia,false,,,,,,,REVIEW_SUBLEVEL,,NEEDS_REVIEW,0.0
T0085,780,http://cdo-browser.s3.ap-southeast-1.amazonaws.com/cdoBrowser/9D5EBBA483414B24B6C077A8F69C44A6EC7D424979CC9C513D1E04971F8133A1/e53ad16a-672e-4939-957d-521b8384e161/image_0072.png,LS Taxonomy- Images-1-19/images/image_0085.png,,,true,,OVERRIDE,旅游/人文风光/城市,Travel/Cultural Scenery/City,false,,,,,,,OVERRIDE,旅游/航拍风光,Travel/Aerial Scenery,false,,OVERRIDE,旅游/热门目的地,Travel/Popular Destinations,false,,,,,,,REVIEW_SUBLEVEL,,NEEDS_REVIEW,0.0
T0137,780,http://cdo-browser.s3.ap-southeast-1.amazonaws.com/cdoBrowser/9D5EBBA483414B24B6C077A8F69C44A6EC7D424979CC9C513D1E04971F8133A1/9d5a90aa-493c-4660-9a6b-8ca843ef8074/image_0137.png,LS Taxonomy- Images-1-19/images/image_0137.png,,,true,,,,,,,OVERRIDE,旅游/自然风光/草原,Travel/Natural Scenery/Grassland,false,,OVERRIDE,旅游/航拍风光,Travel/Aerial Scenery,false,,,,,,,OVERRIDE,旅游/自然风光/丘陵,Travel/Natural Scenery/Hills,false,,REVIEW_SUBLEVEL,,NEEDS_REVIEW,0.0
T0145,780,http://cdo-browser.s3.ap-southeast-1.amazonaws.com/cdoBrowser/9D5EBBA483414B24B6C077A8F69C44A6EC7D424979CC9C513D1E04971F8133A1/497eea56-cc36-4591-a8cd-b61c3a5afec0/image_0065.png,LS Taxonomy- Images-1-19/images/image_0145.png,绘画/插画,Painting/Illustration,true,影视/剧集/英美剧/科幻电视剧,,,,,,,,,,,ACCEPT,绘画/插画,Painting/Illustration,false,,OVERRIDE,影视/剧集/英美剧/悬疑电视剧,Film & TV/TV Series/British and American Dramas/Suspense TV Series,false,,OVERRIDE,影视/剧集/英美剧/科幻电视剧,Film & TV/TV Series/British and American Dramas/Science Fiction TV Series,false,,REVIEW_L1,,NEEDS_REVIEW,0.0
T0199,780,http://cdo-browser.s3.ap-southeast-1.amazonaws.com/cdoBrowser/9D5EBBA483414B24B6C077A8F69C44A6EC7D424979CC9C513D1E04971F8133A1/0c548375-4dc2-43f2-97c6-b2869029176e/image_0013.png,LS Taxonomy- Images-1-19/images/image_0199.png,,,true,,OVERRIDE,旅游/人文风光/博物馆,Travel/Cultural Scenery/Museum,false,,OVERRIDE,旅游/人文风光/城市,Travel/Cultural Scenery/City,false,,,,,,,OVERRIDE,旅游/人文风光/建筑,Travel/Cultural Scenery/Architecture,false,,,,,,,REVIEW_SUBLEVEL,,NEEDS_REVIEW,0.0
T0273,780,http://cdo-browser.s3.ap-southeast-1.amazonaws.com/cdoBrowser/9D5EBBA483414B24B6C077A8F69C44A6EC7D424979CC9C513D1E04971F8133A1/9789b940-aec4-4c25-84fe-882c5c628e2f/image_0273.png,LS Taxonomy- Images-1-19/images/image_0273.png,,,true,,,,,,,OVERRIDE,静物/文具/笔,Still Life/Stationery/Pen,false,,,,,,,UNCERTAIN,绘画/素描,Painting/Sketch,true,"Not sure if this image is in painting category. Since painting category should include the image of art painting (have visual appeal) not the tools.Meanwhile in art category, also not having tools in 2nd or 3rd category. Based on these consideration, closest category is Painting and sketch. But furthermore these image is not classifed as a painting in painting and sketch category,  because the visual is just ordinary (not meet painting visual standard)  in my opinion",OVERRIDE,静物/文具,Still Life/Stationery,false,,REVIEW_UNCERTAIN,,NEEDS_REVIEW,0.0
T0285,780,http://cdo-browser.s3.ap-southeast-1.amazonaws.com/cdoBrowser/9D5EBBA483414B24B6C077A8F69C44A6EC7D424979CC9C513D1E04971F8133A1/8b441bf9-0f86-4740-ace7-9076e600d441/image_0349.png,LS Taxonomy- Images-1-19/images/image_0285.png,影视/电影/欧美电影/恐怖电影,Film & TV/Films/European and American Movies/Horror Movie,true,影视/剧集/英美剧/科幻电视剧,MODIFY,影视/剧集/英美剧/奇幻电视剧,Film & TV/TV Series/British and American Dramas/Fantasy TV Series,false,,MODIFY,影视/剧集/英美剧/科幻电视剧,Film & TV/TV Series/British and American Dramas/Science Fiction TV Series,false,,,,,,,ACCEPT,影视/电影/欧美电影/恐怖电影,Film & TV/Films/European and American Movies/Horror Movie,false,,,,,,,REVIEW_SUBLEVEL,,NEEDS_REVIEW,0.0
T0373,780,http://cdo-browser.s3.ap-southeast-1.amazonaws.com/cdoBrowser/9D5EBBA483414B24B6C077A8F69C44A6EC7D424979CC9C513D1E04971F8133A1/3f3ede95-a0c6-42ca-a912-99ec3600afa3/image_0239.png,LS Taxonomy- Images-1-19/images/image_0373.png,,,true,,,,,,,OVERRIDE,植卉/花卉/雏菊,Flora/Flowers/Daisy,false,,,,,,,OVERRIDE,植卉/花卉,Flora/Flowers,false,,OVERRIDE,植卉/花卉/菊花,Flora/Flowers/Chrysanthemum,false,,REVIEW_SUBLEVEL,,NEEDS_REVIEW,0.0
T0419,780,http://cdo-browser.s3.ap-southeast-1.amazonaws.com/cdoBrowser/9D5EBBA483414B24B6C077A8F69C44A6EC7D424979CC9C513D1E04971F8133A1/4b8e1959-161d-4d8d-9fc7-eb697d6e12e1/image_0098.png,LS Taxonomy- Images-1-19/images/image_0419.png,,,true,,OVERRIDE,旅游/人文风光/人造设施,Travel/Cultural Scenery/Man-made Facilities,false,,,,,,,,,,,,OVERRIDE,旅游/热门目的地,Travel/Popular Destinations,false,,OVERRIDE,旅游/热门目的地/亚洲,Travel/Popular Destinations/Asia,false,,REVIEW_SUBLEVEL,,NEEDS_REVIEW,0.0
T0421,780,http://cdo-browser.s3.ap-southeast-1.amazonaws.com/cdoBrowser/9D5EBBA483414B24B6C077A8F69C44A6EC7D424979CC9C513D1E04971F8133A1/2c7f6419-c310-46a8-828c-b5e0ef84928c/image_0421.png,LS Taxonomy- Images-1-19/images/image_0421.png,,,true,绘画/油画,OVERRIDE,绘画/油画,Painting/Oil Painting,false,,,,,,,OVERRIDE,旅游/自然风光/海面,Travel/Natural Scenery/Sea Surface,false,,OVERRIDE,绘画/水彩,Painting/Watercolor,false,,,,,,,REVIEW_L1,,NEEDS_REVIEW,0.0
T0492,780,http://cdo-browser.s3.ap-southeast-1.amazonaws.com/cdoBrowser/9D5EBBA483414B24B6C077A8F69C44A6EC7D424979CC9C513D1E04971F8133A1/65b42e7e-626d-4181-a7f5-be378b8bb1e4/image_0492.png,LS Taxonomy- Images-1-19/images/image_0492.png,,,true,旅游/人文风光/城市,OVERRIDE,旅游/人文风光/城市,Travel/Cultural Scenery/City,false,,,,,,,OVERRIDE,旅游/航拍风光,Travel/Aerial Scenery,false,,,,,,,OVERRIDE,旅游/热门目的地/亚洲,Travel/Popular Destinations/Asia,false,,REVIEW_SUBLEVEL,,NEEDS_REVIEW,0.0
T0500,780,http://cdo-browser.s3.ap-southeast-1.amazonaws.com/cdoBrowser/9D5EBBA483414B24B6C077A8F69C44A6EC7D424979CC9C513D1E04971F8133A1/538127d7-e106-4129-b9d5-d343d3a22d1f/image_0500.png,LS Taxonomy- Images-1-19/images/image_0500.png,,,true,宇宙/天体/流星,OVERRIDE,旅游/自然风光/星空,Travel/Natural Scenery/Starry Sky,false,,,,,,,OVERRIDE,旅游/自然风光/雪山,Travel/Natural Scenery/Snow Mountain,false,,OVERRIDE,宇宙/天体/流星,Universe/Celestial Body/Meteor,false,,,,,,,REVIEW_L1,,NEEDS_REVIEW,0.0
T0568,780,http://cdo-browser.s3.ap-southeast-1.amazonaws.com/cdoBrowser/9D5EBBA483414B24B6C077A8F69C44A6EC7D424979CC9C513D1E04971F8133A1/0dc23254-26e1-4a3e-9fbe-55fde15c7e42/image_0568.png,LS Taxonomy- Images-1-19/images/image_0568.png,,,true,,UNCERTAIN,人物,People,true,There is no matchstick in the tree,UNCERTAIN,动物,Animal,true,It should comes under macro photography,UNCERTAIN,,,true,it should be micro photography,,,,,,,,,,,REVIEW_UNCERTAIN,,NEEDS_REVIEW,0.0
T0569,780,http://cdo-browser.s3.ap-southeast-1.amazonaws.com/cdoBrowser/9D5EBBA483414B24B6C077A8F69C44A6EC7D424979CC9C513D1E04971F8133A1/19aa55f7-0bde-4c9c-a9df-365a6d0d3355/image_0569.png,LS Taxonomy- Images-1-19/images/image_0569.png,,,true,,OVERRIDE,旅游/人文风光/建筑,Travel/Cultural Scenery/Architecture,false,,,,,,,,,,,,OVERRIDE,旅游/人文风光/塔,Travel/Cultural Scenery/Tower,false,,OVERRIDE,旅游/热门目的地/亚洲,Travel/Popular Destinations/Asia,false,,REVIEW_SUBLEVEL,,NEEDS_REVIEW,0.0
T0590,780,http://cdo-browser.s3.ap-southeast-1.amazonaws.com/cdoBrowser/9D5EBBA483414B24B6C077A8F69C44A6EC7D424979CC9C513D1E04971F8133A1/55e7f5d4-e8ed-4fce-b02c-23f30ec1f7e4/image_0590.png,LS Taxonomy- Images-1-19/images/image_0590.png,,,true,,OVERRIDE,旅游/人文风光/建筑,Travel/Cultural Scenery/Architecture,false,,OVERRIDE,旅游/人文风光/宫殿,Travel/Cultural Scenery/Palace,false,,,,,,,OVERRIDE,旅游/人文风光/村落,Travel/Cultural Scenery/Village,false,,,,,,,REVIEW_SUBLEVEL,,NEEDS_REVIEW,0.0
T0596,780,http://cdo-browser.s3.ap-southeast-1.amazonaws.com/cdoBrowser/9D5EBBA483414B24B6C077A8F69C44A6EC7D424979CC9C513D1E04971F8133A1/8f242278-0aea-4da6-a296-473b2740f65b/image_0068.png,LS Taxonomy- Images-1-19/images/image_0596.png,,,true,,UNCERTAIN,动物/啮齿动物,Animal/Rodents,true,There is no ant category in the tree,UNCERTAIN,动物/啮齿动物,Animal/Rodents,true,No defined category in Taxonomy,,,,,,OVERRIDE,动物/昆虫,Animal/Insect,false,,,,,,,REVIEW_UNCERTAIN,,NEEDS_REVIEW,0.0
T0615,780,http://cdo-browser.s3.ap-southeast-1.amazonaws.com/cdoBrowser/9D5EBBA483414B24B6C077A8F69C44A6EC7D424979CC9C513D1E04971F8133A1/3497a2e3-f203-4533-8859-2b408d0704be/image_0615.png,LS Taxonomy- Images-1-19/images/image_0615.png,,,true,,,,,,,,,,,,OVERRIDE,旅游/自然风光/瀑布,Travel/Natural Scenery/Waterfall,false,,OVERRIDE,旅游/人文风光/村落,Travel/Cultural Scenery/Village,false,,OVERRIDE,旅游/自然风光/丘陵,Travel/Natural Scenery/Hills,false,,REVIEW_SUBLEVEL,,NEEDS_REVIEW,0.0
T0630,780,http://cdo-browser.s3.ap-southeast-1.amazonaws.com/cdoBrowser/9D5EBBA483414B24B6C077A8F69C44A6EC7D424979CC9C513D1E04971F8133A1/ab8cf328-1070-43ac-9c05-029eabc5998c/image_0630.png,LS Taxonomy- Images-1-19/images/image_0630.png,影视/电影/欧美电影/奇幻电影/指环王系列电影,Film & TV/Films/European and American Movies/Fantasy Movie/Lord of the Rings Movie Series,true,影视/剧集/英美剧/奇幻电视剧,MODIFY,影视/剧集/英美剧/奇幻电视剧,Film & TV/TV Series/British and American Dramas/Fantasy TV Series,false,,,,,,,ACCEPT,影视/电影/欧美电影/奇幻电影/指环王系列电影,Film & TV/Films/European and American Movies/Fantasy Movie/Lord of the Rings Movie Series,false,,MODIFY,影视/电影/欧美电影/奇幻电影,Film & TV/Films/European and American Movies/Fantasy Movie,false,,,,,,,REVIEW_SUBLEVEL,,NEEDS_REVIEW,0.0
T0675,780,http://cdo-browser.s3.ap-southeast-1.amazonaws.com/cdoBrowser/9D5EBBA483414B24B6C077A8F69C44A6EC7D424979CC9C513D1E04971F8133A1/0c60f1a9-3298-4300-8f2a-3591601dcbc9/image_0675.png,LS Taxonomy- Images-1-19/images/image_0675.png,,,true,,OVERRIDE,旅游/人文风光/小镇,Travel/Cultural Scenery/Small Town,false,,OVERRIDE,旅游/自然风光/山,Travel/Natural Scenery/Mountain,false,,,,,,,OVERRIDE,旅游/热门目的地/欧洲,Travel/Popular Destinations/Europe,false,,,,,,,REVIEW_SUBLEVEL,,NEEDS_REVIEW,0.0
T0726,780,http://cdo-browser.s3.ap-southeast-1.amazonaws.com/cdoBrowser/9D5EBBA483414B24B6C077A8F69C44A6EC7D424979CC9C513D1E04971F8133A1/3ef07789-5220-4c43-8874-983305ddcff3/image_0366.png,LS Taxonomy- Images-1-19/images/image_0726.png,,,true,,OVERRIDE,旅游/自然风光/山,Travel/Natural Scenery/Mountain,false,,,,,,,OVERRIDE,旅游/自然风光/瀑布,Travel/Natural Scenery/Waterfall,false,,,,,,,OVERRIDE,旅游/自然风光/丘陵,Travel/Natural Scenery/Hills,false,,REVIEW_SUBLEVEL,,NEEDS_REVIEW,0.0
T0796,1000,https://theme-magazine-gl-01.heytapimg.com/magzineimgf-nearme-com-cn/openplat/lockscreen/self-image/wallpaper/202602/02/1e0df0504eb4063fb52aab27cb43b4a7.png,1126020200085,植卉/绿植/树木,Flora/Green Plants/Trees,false,,,,,,,ACCEPT,植卉/绿植/树木,Flora/Green Plants/Trees,false,,ACCEPT,植卉/绿植/树木,Flora/Green Plants/Trees,false,,,,,,,UNCERTAIN,植卉/绿植/树木,Flora/Green Plants/Trees,true,"The KV is the gift itself, not the tree. But there's no category for this",REVIEW_UNCERTAIN,,NEEDS_REVIEW,0.0
T0800,1000,https://theme-magazine-gl-01.heytapimg.com/magzineimgf-nearme-com-cn/openplat/lockscreen/self-image/wallpaper/202602/02/68636424f396e25fccea144d2386fb79.png,1126020200034,,,false,,UNCERTAIN,植卉/花卉,Flora/Flowers,true,No Ranunculus  flower present in the tree,UNCERTAIN,植卉/花卉,Flora/Flowers,true,This flower  named as Ranunculus flower not in list,OVERRIDE,植卉/花卉/玫瑰,Flora/Flowers/Rose,false,,,,,,,,,,,,REVIEW_UNCERTAIN,,NEEDS_REVIEW,0.0
T0840,1000,https://theme-magazine-gl-01.heytapimg.com/magzineimgf-nearme-com-cn/openplat/lockscreen/self-image/wallpaper/202602/02/4e50668bb7768e90ec7395e0766fa077.jpg,1126013100036,动物/食肉动物/豹,Animal/Carnivore/Leopard,false,,UNCERTAIN,动物/食肉动物/豹,Animal/Carnivore/Leopard,true,No cheetah present in the tree,ACCEPT,动物/食肉动物/豹,Animal/Carnivore/Leopard,false,,ACCEPT,动物/食肉动物/豹,Animal/Carnivore/Leopard,false,,,,,,,,,,,,REVIEW_UNCERTAIN,,NEEDS_REVIEW,0.0
T0880,1000,https://theme-magazine-gl-01.heytapimg.com/magzineimgf-nearme-com-cn/openplat/lockscreen/self-image/wallpaper/202602/02/e2c494ff9d51d9dd6767a7f6c76ecc5b.png,1126013000590,,,false,,UNCERTAIN,动物/鸟类,Animal/Birds,true,No Lilac-breasted roller present in the tree,UNCERTAIN,,,true,This bird type is not in category,,,,,,OVERRIDE,动物/鸟类,Animal/Birds,false,,,,,,,REVIEW_UNCERTAIN,,NEEDS_REVIEW,0.0
T0881,1000,https://theme-magazine-gl-01.heytapimg.com/magzineimgf-nearme-com-cn/openplat/lockscreen/self-image/wallpaper/202602/02/638b68836e1fdbf552e0496e94c153e3.png,1126013000589,,,false,,UNCERTAIN,动物/鸟类,Animal/Birds,true,There is no  Toucan bird in the animal tree,,,,,,OVERRIDE,影视/纪录片/自然纪录片,Film & TV/Documentary/Nature Documentaries,false,,OVERRIDE,动物/鸟类,Animal/Birds,false,,,,,,,REVIEW_UNCERTAIN,,NEEDS_REVIEW,0.0
T0882,1000,https://theme-magazine-gl-01.heytapimg.com/magzineimgf-nearme-com-cn/openplat/lockscreen/self-image/wallpaper/202602/02/32be436628c84fe25460f6f2f02b48e7.png,1126013000588,,,false,,,,,,,UNCERTAIN,动物/鸟类,Animal/Birds,true,This bird is not in our list European bee-eater,,,,,,OVERRIDE,动物/鸟类,Animal/Birds,false,,OVERRIDE,动物/鸟类/八哥,Animal/Birds/Starling,false,,REVIEW_UNCERTAIN,,NEEDS_REVIEW,0.0
T0886,1000,https://theme-magazine-gl-01.heytapimg.com/magzineimgf-nearme-com-cn/openplat/lockscreen/self-image/wallpaper/202602/02/ca5c10dfd4078f7278de6e8143d53add.png,1126013000558,影视/纪录片/自然纪录片,Film & TV/Documentary/Nature Documentaries,false,,ACCEPT,影视/纪录片/自然纪录片,Film & TV/Documentary/Nature Documentaries,false,,OVERRIDE,动物/鸟类/蜂鸟,Animal/Birds/Hummingbird,false,,,,,,,OVERRIDE,动物/鸟类,Animal/Birds,false,,,,,,,REVIEW_L1,,NEEDS_REVIEW,0.0
T0890,1000,https://theme-magazine-gl-01.heytapimg.com/magzineimgf-nearme-com-cn/openplat/lockscreen/self-image/wallpaper/202602/02/6a18ed7ce7cee612d511584479553f59.png,1126013000546,,,false,,,,,,,OVERRIDE,美食/甜点小吃/蛋糕,Food/Dessert Snacks/Cake,false,,OVERRIDE,美食/甜点小吃/和果子,Food/Dessert Snacks/Japanese Confectionery,false,,OVERRIDE,美食/甜点小吃,Food/Dessert Snacks,false,,,,,,,REVIEW_SUBLEVEL,,NEEDS_REVIEW,0.0
T0922,1000,https://theme-magazine-gl-01.heytapimg.com/magzineimgf-nearme-com-cn/openplat/lockscreen/self-image/wallpaper/202602/02/77fe683433f075afbb9612a304f22623.png,84043,,,false,,OVERRIDE,旅游/人文风光/缆车,Travel/Cultural Scenery/Cable Car,false,,,,,,,OVERRIDE,座驾/巴士,Vehicles/Bus,false,,,,,,,OVERRIDE,旅游/人文风光/有轨电车,Travel/Cultural Scenery/Tram,false,,REVIEW_L1,,NEEDS_REVIEW,0.0
T0942,1000,https://theme-magazine-gl-01.heytapimg.com/magzineimgf-nearme-com-cn/openplat/lockscreen/self-image/wallpaper/202602/02/cfdcf8ee5d4a0157cb97550de06815ed.png,84198,,,false,,,,,,,UNCERTAIN,美食/甜点小吃,Food/Dessert Snacks,true,Sugar is not in category,UNCERTAIN,,,true,should be sugar under food,OVERRIDE,美食/甜点小吃,Food/Dessert Snacks,false,,,,,,,REVIEW_UNCERTAIN,,NEEDS_REVIEW,0.0
T0986,1000,https://theme-magazine-gl-01.heytapimg.com/magzineimgf-nearme-com-cn/openplat/lockscreen/self-image/wallpaper/202602/02/dd708d3ddd0b8af7e43ad3c3bf718842.png,84003,植卉/花卉/郁金香,Flora/Flowers/Tulip,false,,OVERRIDE,美食/饮品/奶茶,Food/Drinks/Milk Tea,false,,,,,,,ACCEPT,植卉/花卉/郁金香,Flora/Flowers/Tulip,false,,,,,,,OVERRIDE,美食/料理/粥,Food/Cuisine/Porridge,false,,REVIEW_L1,,NEEDS_REVIEW,0.0
T1005,1000,https://theme-magazine-gl-01.heytapimg.com/magzineimgf-nearme-com-cn/openplat/lockscreen/self-image/wallpaper/202602/02/543138cc48778cfff9f663837c9f2761.png,260202190198,,,false,,UNCERTAIN,植卉/绿植,Flora/Green Plants,true,No Anemone present in the flower tree,,,,,,,,,,,OVERRIDE,植卉/花卉,Flora/Flowers,false,,OVERRIDE,植卉/花卉/虞美人,Flora/Flowers/Poppy,false,,REVIEW_UNCERTAIN,,NEEDS_REVIEW,0.0
T1009,1000,https://theme-magazine-gl-01.heytapimg.com/magzineimgf-nearme-com-cn/openplat/lockscreen/self-image/wallpaper/202602/02/00d3743172403700b6a830611dd15d0b.jpg,260202190194,旅游/自然风光/天空,Travel/Natural Scenery/Sky,false,,UNCERTAIN,植卉/花卉,Flora/Flowers,true,No Cosmos flower in the tree,,,,,,,,,,,ACCEPT,旅游/自然风光/天空,Travel/Natural Scenery/Sky,false,,OVERRIDE,植卉/花卉/雏菊,Flora/Flowers/Daisy,false,,REVIEW_UNCERTAIN,,NEEDS_REVIEW,0.0
T1047,1000,https://theme-magazine-gl-01.heytapimg.com/magzineimgf-nearme-com-cn/openplat/lockscreen/self-image/wallpaper/202602/02/0e1837c8c07780b4d3483e3aa0d29568.jpg,677114,旅游/人文风光/建筑,Travel/Cultural Scenery/Architecture,false,,MODIFY,旅游/人文风光/庭院,Travel/Cultural Scenery/Patio,false,,ACCEPT,旅游/人文风光/建筑,Travel/Cultural Scenery/Architecture,false,,,,,,,,,,,,OVERRIDE,家居/阳台,Home/Balcony,false,,REVIEW_L1,,NEEDS_REVIEW,0.0
T1072,1000,https://theme-magazine-gl-01.heytapimg.com/magzineimgf-nearme-com-cn/openplat/lockscreen/image-group/202602/01/f07c72b7ee9fba929ec196093a6b873d.jpg,583072268255494000,人物/单人/男性/年轻男性,People/Single Person/Male/Young Male,false,,MODIFY,人物/单人/男性/成熟男性,People/Single Person/Male/Mature Male,false,,OVERRIDE,体育/田径运动/跑步,Sports/Athletics/Running,false,,,,,,,,,,,,OVERRIDE,明星/体育明星,Celebrities/Sports Star,false,,REVIEW_L1,,NEEDS_REVIEW,0.0
T1089,1000,https://theme-magazine-gl-01.heytapimg.com/magzineimgf-nearme-com-cn/openplat/lockscreen/self-image/wallpaper/202602/01/01c7f30aace7462f18308450ea2f9460.jpg,260131130097,,,false,,UNCERTAIN,旅游/自然风光,Travel/Natural Scenery,true,Not able to place this image anywhere,OVERRIDE,旅游/人文风光/建筑,Travel/Cultural Scenery/Architecture,false,,,,,,,,,,,,OVERRIDE,艺术/展览/装置艺术,Art/Exhibition/Installation Art,false,,REVIEW_UNCERTAIN,,NEEDS_REVIEW,0.0
T1090,1000,https://theme-magazine-gl-01.heytapimg.com/magzineimgf-nearme-com-cn/openplat/lockscreen/self-image/wallpaper/202602/01/82ceae95b8575d65861b06af6f67f017.jpg,260131130096,,,false,,OVERRIDE,植卉/绿植/树木,Flora/Green Plants/Trees,false,,,,,,,OVERRIDE,旅游/自然风光/日落,Travel/Natural Scenery/Sunset,false,,OVERRIDE,旅游/自然风光/雪林,Travel/Natural Scenery/Snow Forest,false,,,,,,,REVIEW_L1,,NEEDS_REVIEW,0.0
T1096,1000,https://theme-magazine-gl-01.heytapimg.com/magzineimgf-nearme-com-cn/openplat/lockscreen/self-image/wallpaper/202602/01/f92584f4b9ee1dae4c48e8a90c0c0cbd.jpg,260131130088,,,false,,OVERRIDE,旅游/人文风光/纪念碑,Travel/Cultural Scenery/Monument,false,,,,,,,,,,,,OVERRIDE,旅游/自然风光/高原,Travel/Natural Scenery/Plateau,false,,OVERRIDE,旅游/热门目的地/亚洲,Travel/Popular Destinations/Asia,false,,REVIEW_SUBLEVEL,,NEEDS_REVIEW,0.0
T1107,1000,https://theme-magazine-gl-01.heytapimg.com/magzineimgf-nearme-com-cn/openplat/lockscreen/self-image/wallpaper/202602/01/5f7d0eb94ef1836bf9459c0dc5be503b.jpg,260131130074,,,false,,,,,,,,,,,,OVERRIDE,动物/啮齿动物/松鼠,Animal/Rodents/Squirrel,false,,OVERRIDE,动物/啮齿动物/老鼠,Animal/Rodents/Mouse,false,,OVERRIDE,萌宠/仓鼠,Cute Pet/Hamster,false,,REVIEW_L1,,NEEDS_REVIEW,0.0
T1127,1000,https://theme-magazine-gl-01.heytapimg.com/magzineimgf-nearme-com-cn/openplat/lockscreen/self-image/wallpaper/202602/01/e05ae1066704d0eef9a4c120032e09b4.jpg,260131130051,旅游/自然风光/雪花,Travel/Natural Scenery/Snowflake,false,,,,,,,ACCEPT,旅游/自然风光/雪花,Travel/Natural Scenery/Snowflake,false,,MODIFY,旅游/航拍风光,Travel/Aerial Scenery,false,,,,,,,MODIFY,旅游/自然风光/雪地,Travel/Natural Scenery/Snow,false,,REVIEW_SUBLEVEL,,NEEDS_REVIEW,0.0
T1148,1000,https://theme-magazine-gl-01.heytapimg.com/magzineimgf-nearme-com-cn/openplat/lockscreen/self-image/wallpaper/202602/01/012ab90ce17021cda2e5e383acc4d719.jpg,260131130028,,,false,,OVERRIDE,旅游/人文风光/盐田,Travel/Cultural Scenery/Salt Field,false,,,,,,,UNCERTAIN,旅游/热门目的地,Travel/Popular Destinations,true,the place is in Abu dhabi,,,,,,OVERRIDE,艺术/展览/装置艺术,Art/Exhibition/Installation Art,false,,REVIEW_UNCERTAIN,,NEEDS_REVIEW,0.0
T1222,1000,https://theme-magazine-gl-01.heytapimg.com/magzineimgf-nearme-com-cn/openplat/lockscreen/self-image/wallpaper/202601/30/2bdafa9618d139ca6a8d1666a9e34d49.png,1126013000138,,,false,,UNCERTAIN,艺术,Art,true,Could not find a suitable tag for this image,,,,,,OVERRIDE,艺术/雕塑,Art/Sculpture,false,,,,,,,OVERRIDE,静物/摆件,Still Life/Ornaments,false,,REVIEW_UNCERTAIN,,NEEDS_REVIEW,0.0
T1233,1000,https://theme-magazine-gl-01.heytapimg.com/magzineimgf-nearme-com-cn/openplat/lockscreen/self-image/wallpaper/202601/30/cb85f44243dff2d87155cb0744c05cff.png,1126013000123,静物/箱包/箱子,Still Life/Luggage/Box,false,,ACCEPT,静物/箱包/箱子,Still Life/Luggage/Box,false,,,,,,,OVERRIDE,艺术/雕塑,Art/Sculpture,false,,,,,,,OVERRIDE,艺术/展览/装置艺术,Art/Exhibition/Installation Art,false,,REVIEW_L1,,NEEDS_REVIEW,0.0
T1268,1000,https://theme-magazine-gl-01.heytapimg.com/magzineimgf-nearme-com-cn/openplat/lockscreen/self-image/wallpaper/202601/30/783be20a766ec445e215a5c7994988cc.png,1126013000068,,,false,,UNCERTAIN,植卉/花卉,Flora/Flowers,true,This wild carrot (Daucus carota) flow is not there in the tree,OVERRIDE,植卉/花艺/插花,Flora/Floral Arrangement/Flower Arrangement,false,,OVERRIDE,植卉/花艺/插花,Flora/Floral Arrangement/Flower Arrangement,false,,,,,,,,,,,,REVIEW_UNCERTAIN,,NEEDS_REVIEW,0.0
T1284,1000,https://theme-magazine-gl-01.heytapimg.com/magzineimgf-nearme-com-cn/openplat/lockscreen/self-image/wallpaper/202601/30/4cbf4bff01a47b6caea3d4ef2fa0168f.png,1126013000044,,,false,,UNCERTAIN,美食/蔬菜/秋葵,Food/Vegetable/Okra,true,This vegetable is not present in the tree,,,,,,OVERRIDE,艺术/展览/艺术展,Art/Exhibition/Art Exhibition,false,,,,,,,OVERRIDE,美食/蔬菜/青菜,Food/Vegetable/Green Vegetables,false,,REVIEW_UNCERTAIN,,NEEDS_REVIEW,0.0
T1288,1000,https://theme-magazine-gl-01.heytapimg.com/magzineimgf-nearme-com-cn/openplat/lockscreen/self-image/wallpaper/202601/30/d7f80941f857e7db9351840d04712c9c.png,1126013000039,,,false,,OVERRIDE,艺术/雕塑,Art/Sculpture,false,,,,,,,OVERRIDE,美食/蔬菜/洋葱,Food/Vegetable/Onion,false,,,,,,,OVERRIDE,美食/蔬菜,Food/Vegetable,false,,REVIEW_L1,,NEEDS_REVIEW,0.0
T1311,1000,https://theme-magazine-gl-01.heytapimg.com/magzineimgf-nearme-com-cn/openplat/lockscreen/self-image/wallpaper/202601/30/a90922ec379abcfd72e13b00e7e8bfbe.png,1126012900736,,,false,,,,,,,UNCERTAIN,家居/浴室,Home/Bathroom,true,we don't have Soap category,OVERRIDE,家居/浴室,Home/Bathroom,false,,OVERRIDE,静物/生活用品,Still Life/Daily Necessities,false,,,,,,,REVIEW_UNCERTAIN,,NEEDS_REVIEW,0.0
T1480,1000,https://theme-magazine-gl-01.heytapimg.com/magzineimgf-nearme-com-cn/openplat/lockscreen/self-image/wallpaper/202601/30/b55bff3fdd6be25ed3905757b7a086cd.png,1126012900199,,,false,,UNCERTAIN,家居/家具,Home/Furniture,true,No picture frame in the tree,,,,,,OVERRIDE,艺术/雕塑,Art/Sculpture,false,,OVERRIDE,家居/家具,Home/Furniture,false,,,,,,,REVIEW_UNCERTAIN,,NEEDS_REVIEW,0.0
T1511,1000,https://theme-magazine-gl-01.heytapimg.com/magzineimgf-nearme-com-cn/openplat/lockscreen/self-image/wallpaper/202601/30/9c832b3f64188c8efd74396d8b48437b.png,260130100083,美食/料理/创意料理,Food/Cuisine/Creative Cuisine,false,,OVERRIDE,静物/生活用品/花瓶,Still Life/Daily Necessities/Vase,false,,ACCEPT,美食/料理/创意料理,Food/Cuisine/Creative Cuisine,false,,,,,,,,,,,,OVERRIDE,艺术/展览/装置艺术,Art/Exhibition/Installation Art,false,,REVIEW_L1,,NEEDS_REVIEW,0.0
T1540,1000,https://theme-magazine-gl-01.heytapimg.com/magzineimgf-nearme-com-cn/openplat/lockscreen/self-image/wallpaper/202601/30/ca04a40603851fc0d9a13c7f3a1b931c.png,260130100050,影视/纪录片/自然纪录片,Film & TV/Documentary/Nature Documentaries,false,,ACCEPT,影视/纪录片/自然纪录片,Film & TV/Documentary/Nature Documentaries,false,,UNCERTAIN,动物/鸟类,Animal/Birds,true,this bird is not in category,,,,,,,,,,,OVERRIDE,动物/鸟类/海鸥,Animal/Birds/Seagull,false,,REVIEW_UNCERTAIN,,NEEDS_REVIEW,0.0
T1572,1000,https://theme-magazine-gl-01.heytapimg.com/magzineimgf-nearme-com-cn/openplat/lockscreen/self-image/wallpaper/202601/30/b7aab83441184ce69bf61eacca0d721a.jpg,260130100018,影视/纪录片/自然纪录片,Film & TV/Documentary/Nature Documentaries,false,,,,,,,UNCERTAIN,动物,Animal,true,Seagull is not  in bird category,ACCEPT,影视/纪录片/自然纪录片,Film & TV/Documentary/Nature Documentaries,false,,,,,,,OVERRIDE,动物/鸟类/海鸥,Animal/Birds/Seagull,false,,REVIEW_UNCERTAIN,,NEEDS_REVIEW,0.0
T1582,1000,https://theme-magazine-gl-01.heytapimg.com/magzineimgf-nearme-com-cn/openplat/lockscreen/self-image/wallpaper/202601/30/400d1ea898c4bc25e34ae7af802da553.jpg,260130100008,影视/纪录片/自然纪录片,Film & TV/Documentary/Nature Documentaries,false,,ACCEPT,影视/纪录片/自然纪录片,Film & TV/Documentary/Nature Documentaries,false,,,,,,,,,,,,OVERRIDE,动物/鸟类/鹦鹉,Animal/Birds/Parrot,false,,OVERRIDE,动物/鸟类/海鸥,Animal/Birds/Seagull,false,,REVIEW_L1,,NEEDS_REVIEW,0.0
T1594,1000,https://theme-magazine-gl-01.heytapimg.com/magzineimgf-nearme-com-cn/openplat/lockscreen/self-image/wallpaper/202601/30/4a52545fa3ee6e81c09bd53a534a60d8.png,83832,静物/摆件/篮子,Still Life/Ornaments/Basket,false,,,,,,,ACCEPT,静物/摆件/篮子,Still Life/Ornaments/Basket,false,,UNCERTAIN,美食,Food,true,should be egg under food,,,,,,OVERRIDE,美食,Food,false,,REVIEW_UNCERTAIN,,NEEDS_REVIEW,0.0
T1655,1000,https://theme-magazine-gl-01.heytapimg.com/magzineimgf-nearme-com-cn/openplat/lockscreen/self-image/wallpaper/202601/30/b92d41079b3e0d69f28f4aa388cd7555.jpg,676516,,,false,,UNCERTAIN,动物/鸟类,Animal/Birds,true,White Pelicans is not present in our tree,,,,,,,,,,,OVERRIDE,动物/鸟类,Animal/Birds,false,,OVERRIDE,动物/鸟类/火烈鸟,Animal/Birds/Flamingo,false,,REVIEW_UNCERTAIN,,NEEDS_REVIEW,0.0
T1663,1000,https://theme-magazine-gl-01.heytapimg.com/magzineimgf-nearme-com-cn/openplat/lockscreen/self-image/wallpaper/202601/30/003032962502a575858aaa860e540004.jpg,676528,,,false,,,,,,,OVERRIDE,旅游/自然风光/湖泊,Travel/Natural Scenery/Lake,false,,OVERRIDE,旅游/自然风光/雪山,Travel/Natural Scenery/Snow Mountain,false,,,,,,,OVERRIDE,旅游/热门目的地/欧洲,Travel/Popular Destinations/Europe,false,,REVIEW_SUBLEVEL,,NEEDS_REVIEW,0.0
T1677,1000,https://theme-magazine-gl-01.heytapimg.com/magzineimgf-nearme-com-cn/openplat/lockscreen/self-image/wallpaper/202601/30/20a4203feeb253d3c9b22bdf3046104a.png,83724,动物/食草动物/牛,Animal/Herbivore/Cattle,false,,UNCERTAIN,动物/食草动物/牛,Animal/Herbivore/Cattle,true,There is no Cow under the animal tree,ACCEPT,动物/食草动物/牛,Animal/Herbivore/Cattle,false,,,,,,,,,,,,ACCEPT,动物/食草动物/牛,Animal/Herbivore/Cattle,false,,REVIEW_UNCERTAIN,,NEEDS_REVIEW,0.0
T1703,1000,https://theme-magazine-gl-01.heytapimg.com/magzineimgf-nearme-com-cn/openplat/lockscreen/self-image/wallpaper/202601/30/69d0f6b67f2ac9633098e3d773b8603f.png,83624,,,false,,UNCERTAIN,美食/料理,Food/Cuisine,true,Egg is not there under food tree,,,,,,UNCERTAIN,,,true,should be egg under food,,,,,,UNCERTAIN,美食,Food,true,Suggest to add 'Food Ingredients' category on L2,REVIEW_UNCERTAIN,,NEEDS_REVIEW,0.0
T1715,1000,https://theme-magazine-gl-01.heytapimg.com/magzineimgf-nearme-com-cn/openplat/lockscreen/image-group/202601/29/a4c890e26cfb63b779de674f33ba95be.jpg,582110495679449000,影视/剧集/英美剧/悬疑电视剧,Film & TV/TV Series/British and American Dramas/Suspense TV Series,false,,ACCEPT,影视/剧集/英美剧/悬疑电视剧,Film & TV/TV Series/British and American Dramas/Suspense TV Series,false,,,,,,,MODIFY,影视/剧集,Film & TV/TV Series,false,,,,,,,MODIFY,影视/剧集/英美剧/喜剧电视剧,Film & TV/TV Series/British and American Dramas/Comedy TV Series,false,,REVIEW_SUBLEVEL,,NEEDS_REVIEW,0.0
T1736,1000,https://theme-magazine-gl-01.heytapimg.com/magzineimgf-nearme-com-cn/openplat/lockscreen/self-image/wallpaper/202601/29/a2f26befb98c7f75d7e4731fcdce2dee.png,1126012800422,,,false,,,,,,,,,,,,OVERRIDE,家居/客厅/轻奢风,Home/Living Room/Light Luxury Style,false,,OVERRIDE,旅游/热门目的地/南美洲,Travel/Popular Destinations/South America,false,,OVERRIDE,家居/玄关,Home/Entrance,false,,REVIEW_L1,,NEEDS_REVIEW,0.0
T1738,1000,https://theme-magazine-gl-01.heytapimg.com/magzineimgf-nearme-com-cn/openplat/lockscreen/self-image/wallpaper/202601/29/2516145ba9584b5585996da92282304b.png,1126012800399,,,false,,UNCERTAIN,静物,Still Life,true,Not sure where to put the festival of mexico image,UNCERTAIN,二次元,ACG,true,Art & Culture -> Carnival,OVERRIDE,绘画/素描,Painting/Sketch,false,,,,,,,,,,,,REVIEW_UNCERTAIN,,NEEDS_REVIEW,0.0
T1774,1000,https://theme-magazine-gl-01.heytapimg.com/magzineimgf-nearme-com-cn/openplat/lockscreen/self-image/wallpaper/202601/29/25761f98a2b2dfbad73e3219afa492db.png,1126012900416,,,false,,UNCERTAIN,动物/鸟类,Animal/Birds,true,There is no Great Cormorant bird under animal tree,UNCERTAIN,动物/鸟类,Animal/Birds,true,This bird named as  Great Cormorant is not in our list,,,,,,,,,,,OVERRIDE,动物/鸟类/大雁,Animal/Birds/Wild Geese,false,,REVIEW_UNCERTAIN,,NEEDS_REVIEW,0.0
